split,score
0,2.8947638808250065
1,3.841834781715192
2,2.588975080091318
3,2.5335830119016785
4,2.9497207184365823
5,2.42879980989664
6,2.4942475238944164
7,2.5923377825770615
8,2.356232296566025
9,2.5547033608468985
