split,score
0,3.149247372671179
1,3.6952850058786666
2,2.6864966798872514
3,2.6527872516158597
4,3.036978534237187
5,2.6422020055291577
6,2.66069985437705
7,2.7509314620362435
8,2.4979017480739456
9,2.73687761691408
