split,score
0,2.8947638808250065
1,3.841834781715192
2,2.6081329539634317
3,2.536630935237141
4,2.94868660777219
5,2.4485897333593725
6,2.4917351139406207
7,2.5934662512025155
8,2.3496845474231964
9,2.5777548248177204
