split,score
0,3.2400056897330387
1,3.419125221974131
2,2.6063271695581274
3,2.4477016429131546
4,2.775370020203385
5,2.6823604195653035
6,2.341489169955634
7,2.521849945778171
8,2.316960654457512
9,2.4188246487432945
