split,score
0,3.228564882404375
1,3.3408642689785917
2,2.6435432169174633
3,2.445050154592879
4,2.754012360555778
5,2.6950179109812202
6,2.3457256594366775
7,2.5021388330527
8,2.3216895293725575
9,2.4317148061424985
