split,score
0,3.0134288727662515
1,2.4905188051225826
2,2.690291974638092
3,2.4526923888972285
4,2.3899893630504567
