split,score
0,3.183255983614126
1,2.934489175992818
2,2.714170830141758
3,2.8190237353588095
4,2.5565962233714346
5,2.4062401009020533
6,2.4282461608720682
7,2.4911806581756992
8,2.463868794361707
9,2.5314521205021454
