split,score
0,2.992826272153437
1,3.213042581573591
2,2.658877242440903
3,2.4394334927283072
4,2.7575401175412244
5,2.548945626707746
6,2.3431628993988958
7,2.5031354320602
8,2.2636273127237385
9,2.4060246155987666
