split,score
0,3.2351561407784364
1,2.537306322901656
2,2.618709089441098
3,2.4553116793544167
4,2.3907061824940654
