split,score
0,2.940644573137059
1,3.454319707302239
2,2.573075157716166
3,2.436123313020247
4,2.808360935526259
5,2.523373532503812
6,2.3717329269762493
7,2.526830521527505
8,2.298818447686261
9,2.432692836532933
