split,score
0,5.230744958994015
1,5.767195536058962
2,5.430404490600669
3,5.432013006546246
4,5.733250844690325
5,5.361736665722699
6,5.787816029864682
7,5.291574565561955
8,5.05980754270443
9,5.398772276001134
