split,score
0,3.9088074038231775
1,4.53916159096578
2,3.8809835824659156
3,3.758141332600245
4,3.8985276665375013
5,3.5351616714696874
6,3.7518063525395062
7,3.685552512065159
8,3.405075936892395
9,3.538798154169415
