split,score
0,5.1765444601985005
1,5.604233340085072
2,5.412092363783675
3,5.300551954628316
4,5.626088717844845
5,5.267368847478226
6,5.656944163122004
7,5.133144284653298
8,4.921035041523193
9,5.272297616636283
