split,score
0,5.506694653115334
1,5.415068493150685
2,5.393062306672559
3,5.266129032258065
4,5.161657092355282
