weekday,fraction
Monday,0.2956694525722822
Tuesday,0.2733133303242537
Wednesday,0.27707012339256537
Thursday,0.2807721700093935
Friday,0.29971043722872687
Saturday,0.29523013460444775
Sunday,0.27296036752376623
