weekday,minimum,maximum,median,first_quartile,third_quartile
Monday,0.0,1.0,0.15,0.04,0.45
Tuesday,0.0,1.0,0.13333333333333333,0.0,0.4
Wednesday,0.0,1.0,0.13333333333333333,0.0,0.4
Thursday,0.0,1.0,0.13333333333333333,0.0,0.4
Friday,0.0,1.0,0.15,0.037037037037037035,0.45
Saturday,0.0,1.0,0.16666666666666666,0.043478260869565216,0.45
Sunday,0.0,1.0,0.15,0.05,0.4
