is_holiday,count,mean,std
False,50881,7.322311447016218,6.598709947491171
True,3504,7.726883561643835,6.107412968539335
