weekday,count,mean,std
Friday,8760,7.4617579908675795,6.627353641906405
Monday,7008,7.2444349315068495,6.523544025579885
Saturday,7008,7.430650684931507,6.255721471181422
Sunday,7081,7.537385844748859,5.841102825581868
Thursday,8760,7.361301369863014,6.860769217815091
Tuesday,7008,7.176227168949771,6.755272263973036
Wednesday,8760,7.226141552511415,6.878597677935255
