weekday,count,mean,lower,upper,minimum,maximum,median,first_quartile,third_quartile
Monday,36648,0.2956694525722822,-0.0016428159722273183,0.5929817211167918,0.0,1.0,0.2,0.05,0.5
Tuesday,36598,0.2733133303242537,-0.020868466905969996,0.5674951275544774,0.0,1.0,0.15,0.037037037037037035,0.4666666666666667
Wednesday,38650,0.27707012339256537,-0.018772900090313904,0.5729131468754447,0.0,1.0,0.15,0.037037037037037035,0.4666666666666667
Thursday,38720,0.2807721700093935,-0.015289622667168878,0.5768339626859558,0.0,1.0,0.16,0.04,0.4666666666666667
Friday,38940,0.29971043722872687,-0.002007894786680675,0.6014287692441345,0.0,1.0,0.2,0.05,0.5
Saturday,36978,0.29523013460444775,0.0030269714264059,0.5874332977824896,0.0,1.0,0.2,0.05,0.4782608695652174
Sunday,36778,0.27296036752376623,0.004130869309217522,0.5417898657383149,0.0,1.0,0.2,0.05,0.4444444444444444
