is_holiday,count,mean,lower,upper,minimum,maximum,median,first_quartile,third_quartile
False,50808,0.3825200555368196,0.06604009220186702,0.6990000188717722,0.0,1.0,0.3157894736842105,0.1,0.625
True,3504,0.41228427171782595,0.10239601136659349,0.7221725320690584,0.0,1.0,0.35,0.13333333333333333,0.6666666666666666
