weekday,count,mean,lower,upper,minimum,maximum,median,first_quartile,third_quartile
Monday,7008,0.37851585185751535,0.06725677954271847,0.6897749241723122,0.0,1.0,0.3333333333333333,0.1,0.6
Tuesday,7008,0.3754885776852151,0.05513813058957967,0.6958390247808506,0.0,1.0,0.3,0.08333333333333333,0.625
Wednesday,8760,0.37437530553996096,0.05335013846391884,0.695400472616003,0.0,1.0,0.3,0.07407407407407407,0.6111111111111112
Thursday,8760,0.3811994978890042,0.05783081496884662,0.7045681808091617,0.0,1.0,0.3,0.1,0.6407142857142858
Friday,8760,0.3916094563841266,0.07259396435466176,0.7106249484135914,0.0,1.0,0.3333333333333333,0.1,0.65
Saturday,7008,0.39108623011645083,0.07992690469236835,0.7022455555405334,0.0,1.0,0.3333333333333333,0.11764705882352941,0.6521739130434783
Sunday,7008,0.40034155407530914,0.09872782705575817,0.7019552810948602,0.0,1.0,0.35,0.13333333333333333,0.6333333333333333
