counts,divisions
0.048337447426860906,0.0
8.686238934545932e-05,20.65
0.0,41.3
0.0,61.949999999999996
0.0,82.6
0.0,103.25
0.0,123.89999999999999
0.0,144.54999999999998
0.0,165.2
1.8403048590139683e-06,185.85
