counts,divisions
3.7037071989059057e-07,69.0
0.0,171.60999999999999
0.0,274.21999999999997
0.0,376.8299999999999
0.0,479.43999999999994
0.0,582.05
0.0,684.6599999999999
0.00017288905204492763,787.2699999999999
0.00037555590996905873,889.8799999999999
0.009196823493891207,992.4899999999999
