counts,divisions
0.002393577846516424,18.0
0.0027618205921343345,25.3
0.004234791574605982,32.6
0.012520253351008979,39.9
0.0128884960966269,47.2
0.018228015908086617,54.5
0.018780380026513485,61.8
0.019700986890558228,69.1
0.020069229636176175,76.4
0.02540874944763589,83.7
