counts,divisions
2.3361319782000294,0.0
1.2115186330829282,0.1
1.3963764913831191,0.2
0.635955221682133,0.30000000000000004
0.8986964206805127,0.4
0.951723376049491,0.5
0.5144351156282223,0.6000000000000001
0.41777139490352044,0.7000000000000001
0.6470025040506704,0.8
0.9903888643393728,0.9
