counts,divisions
3.670132770249742,0.0
1.3229932551497843,0.1
1.327968341739077,0.2
0.5434237710396793,0.30000000000000004
0.7494531202527802,0.4
0.7353633712098189,0.5
0.406437989913107,0.6000000000000001
0.28665613416783137,0.7000000000000001
0.39580421705049534,0.8
0.5617670292276844,0.9
