counts,divisions
0.0460388085527129,0.0
0.06148807316771722,4.35
0.0460388085527129,8.7
0.024409838091706836,13.049999999999999
0.021628970461006047,17.4
0.013595352861203813,21.75
0.006179705846001734,26.099999999999998
0.006797676430601901,30.449999999999996
0.0024718823384006915,34.8
0.0012359411692003457,39.15
