counts,divisions
0.5091382982252651,0.0
0.0006976036848356771,1.9600000000000002
0.00025191244174621667,3.9200000000000004
3.875576026864873e-05,5.880000000000001
0.0,7.840000000000001
1.9377880134324357e-05,9.8
3.875576026864875e-05,11.760000000000002
0.0,13.72
0.0,15.680000000000001
1.9377880134324357e-05,17.64
