counts,divisions
0.0,-0.5
0.0,-0.4
0.0,-0.3
0.0,-0.19999999999999996
0.0,-0.09999999999999998
9.999999999999991,0.0
0.0,0.10000000000000009
0.0,0.20000000000000007
0.0,0.30000000000000004
0.0,0.4
