counts,divisions
0.12481800937418033,0.0
0.04665897522646666,4.0
0.030202841144516712,8.0
0.02081250498929914,12.0
0.014073624949156666,16.0
0.007650258683281191,20.0
0.0038773981897872374,24.0
0.0017096665057419705,28.0
6.557364585669593e-05,32.0
0.00013114729171339186,36.0
