counts,divisions
0.0004562617698858654,12.0
0.004034084699974333,21.6
0.008876257042870978,31.2
0.01464127738682484,40.8
0.01846490191444103,50.4
0.018682509790766067,60.0
0.020323702040494742,69.6
0.016922189141589355,79.2
0.0016185578538335846,88.8
0.00014692502598587475,98.39999999999999
