counts,divisions
0.14912487245899067,0.0
0.09222196059963897,2.7399999999999998
0.06180833529550272,5.4799999999999995
0.018150066713758732,8.219999999999999
0.02354603249352484,10.959999999999999
0.014716270308453034,13.7
0.0004905423436151005,16.439999999999998
0.003924338748920809,19.18
0.0004905423436151012,21.919999999999998
0.0004905423436151005,24.659999999999997
