counts,divisions
1.2049621546490606e-05,-39.0
5.472536452364481e-05,-31.1
0.0010207033585006413,-23.2
0.007174043428241844,-15.299999999999997
0.0661966042359039,-7.399999999999999
0.045096210705305485,0.5
0.005932932408953312,8.400000000000006
0.0010166868179851448,16.300000000000004
5.623156721695611e-05,24.200000000000003
2.2090972835232795e-05,32.10000000000001
