counts,divisions
0.07833486939074556,0.0
0.05869514290366639,5.15
0.029063061258250995,10.3
0.014622444014806541,15.450000000000001
0.008368090115945415,20.6
0.00307644403331391,25.75
0.0013458427987426025,30.900000000000002
0.0004342737619585602,36.050000000000004
0.0002183544709660798,41.2
1.6234533157329352e-05,46.35
