counts,divisions
0.00245382309732058,0.0
0.003424095223800492,36.0
0.0012887688130227735,72.0
0.002188655559649051,108.0
0.0027491233097275097,144.0
0.0032427306343553427,180.0
0.0027080746471634352,216.0
0.004188669204633837,252.0
0.003482654950173064,288.0
0.002051182337931693,324.0
