counts,divisions
0.12475694233456888,0.0
0.046674667314820444,4.0
0.030223651029956857,8.0
0.020824155374612626,12.0
0.014089749042960443,16.0
0.007649670353041259,20.0
0.003875630430819712,24.0
0.0017089992100625874,28.0
6.551163638573251e-05,32.0
0.00013102327277146502,36.0
