counts,divisions
0.11631090735464851,0.0
0.06442796517824949,4.0
0.03214018250908385,8.0
0.01864318800496095,12.0
0.011070012006133827,16.0
0.004930241588772086,20.0
0.0020386652983108203,24.0
0.0003150124221879693,28.0
4.8539649959781434e-05,32.0
7.528598769272223e-05,36.0
