counts,divisions
0.12393955723914396,0.0
0.06244972679111308,4.0
0.027634910508735157,8.0
0.02029650791889718,12.0
0.010130918370177239,16.0
0.004312104005610788,20.0
0.0009727742093980687,24.0
0.00013967531927202412,28.0
4.8539649959781434e-05,32.0
7.528598769272223e-05,36.0
