counts,divisions
0.00019851190935333667,0.0
0.003355796562877834,4.0200000000000005
0.02027657359823367,8.040000000000001
0.041517347899040706,12.060000000000002
0.053875186903689136,16.080000000000002
0.07104174058872047,20.1
0.048606113652567715,24.120000000000005
0.008702383988127704,28.140000000000004
0.0010218636857664608,32.160000000000004
0.00016070011709555843,36.18000000000001
