counts,divisions
0.0002461696010083101,811.9
0.0005908070424199467,839.2
0.001575485446453191,866.5
0.0009354444838315783,893.8
0.00039387136161329607,921.1
0.0005415731222182844,948.4000000000001
0.0008369766434282576,975.7
0.030918901886643615,1003.0
0.00024616960100831106,1030.3000000000002
0.0003446374414116355,1057.6000000000001
