counts,divisions
0.09164771781931119,0.0
0.05534449928826281,4.0
0.04179838426413769,8.0
0.030775701107352154,12.0
0.01696615088828499,16.0
0.00834673617658477,20.0
0.00295786885548962,24.0
0.0012062558926293604,28.0
0.00031889523598247464,32.0
0.0006377904719649493,36.0
