counts,divisions
1.2049621546490606e-05,-39.0
3.4140594381723367e-05,-31.1
0.0005131130508547247,-23.2
0.007396961426851921,-15.299999999999997
0.06976128394340736,-7.399999999999999
0.04198941661656866,0.5
0.006345631946920615,8.400000000000006
0.0004789724564730016,16.300000000000004
2.861785117291516e-05,24.200000000000003
2.2090972835232795e-05,32.10000000000001
