counts,divisions
0.006493169186016309,13.9
0.04610150122071584,15.97
0.11557841151109033,18.04
0.1194743130227001,20.11
0.09869617162744791,22.18
0.05519193808113864,24.25
0.024674042906861978,26.32
0.011038387616227727,28.39
0.001947950755804893,30.46
0.003895901511609786,32.53
