nobs,minmax,mean,variance,skewness,kurtosis
263312,"(0.0, 1.0)",0.28500544902184993,0.08572693001033045,0.9320792996007374,-0.2873168358718252
