nobs,minmax,mean,variance,skewness,kurtosis
262322,"(12.0, 108.0)",61.66348609723927,287.3160209637573,-0.27766378046498974,-0.7723748301009552
