nobs,minmax,mean,variance,skewness,kurtosis
54093,"(0.0, 40.0)",7.343926201172056,43.17158908809796,1.1064125623213799,1.3119882558179423
