nobs,minmax,mean,variance,skewness,kurtosis
263132,"(69.0, 1095.1)",1005.2616755088701,581.0228619984024,-6.405776043949416,108.70192247246007
