nobs,minmax,mean,variance,skewness,kurtosis
252122,"(-39.0, 40.0)",0.0010116058109271573,23.947167752489367,0.17621985925790884,3.6701510281219756
