nobs,minmax,mean,variance,skewness,kurtosis
239212,"(0.0, 51.5)",8.447870926207715,46.881576456194395,1.4854675075497434,2.6161442598399196
