nobs,minmax,mean,variance,skewness,kurtosis
42121,"(0.0, 40.0)",7.311196711062573,35.821678596866256,1.1897193948687277,1.8841009451377397
