nobs,minmax,mean,variance,skewness,kurtosis
41902,"(-39.0, 40.0)",0.004096860929470359,22.39971479161161,0.24898183731090331,10.544389430939566
