nobs,minmax,mean,variance,skewness,kurtosis
263063,"(0.0, 40.0)",6.010602023089526,43.97957679542316,1.3176809608042928,1.2330351496447411
