nobs,minmax,mean,variance,skewness,kurtosis
263312,"(0.0, 40.0)",6.013033967308744,43.98144121371383,1.3167823901791667,1.230362434720801
