nobs,minmax,mean,variance,skewness,kurtosis
252371,"(0.0, 40.0)",5.945466858976137,31.144358607256578,1.385738107912245,1.8071051296516947
