nobs,minmax,mean,variance,skewness,kurtosis
263142,"(0.0, 206.5)",3.349061723328089,13.10803578058718,8.295552159551512,379.79904371332077
