nobs,minmax,mean,variance,skewness,kurtosis
252371,"(0.0, 40.0)",5.860787625298995,27.17376659397787,1.450689473288286,1.931862196320603
