nobs,minmax,mean,variance,skewness,kurtosis
263292,"(0.0, 19.6)",0.013999665770323444,0.059168741931819153,39.77421418061614,2332.948763250336
