nobs,minmax,mean,variance,skewness,kurtosis
244290,"(0.0, 360.0)",187.11870031519916,10320.910384017907,-0.21675849603806635,-1.1637013081978695
