nobs,minmax,mean,variance,skewness,kurtosis
252122,"(-39.0, 40.0)",0.00010411626117514942,26.72088161279814,0.20948906702135894,3.833926128014011
