nobs,minmax,mean,variance,skewness,kurtosis
54312,"(18.0, 91.0)",65.94354838709677,279.70088783772786,-0.5668609658886851,-0.48526502636430413
