nobs,minmax,mean,variance,skewness,kurtosis
263152,"(0.0, 40.2)",19.76229783547151,29.88319535834881,-0.24528089937522649,-0.5020765851335147
