split,score
0,3.385681190080359
1,3.4429737885910714
2,2.8768903862427577
3,2.8918619101170084
4,3.3742823131998505
5,3.0853164289736945
6,2.9642283166491246
7,3.097445059620231
8,2.9402486077334404
9,3.1289699185986617
