split,score
0,3.440990389923692
1,3.4870464222990822
2,2.863142511140978
3,2.8790548930048456
4,3.336904877061246
5,3.1327356629300698
6,2.888563955882724
7,3.0843357562362463
8,2.8716031437546663
9,3.1068104632419313
