split,score
0,3.62179362177534
1,3.5670790680684217
2,3.054758498264579
3,3.1269428140735753
4,3.85807990420903
5,3.291996464857044
6,3.636756043063173
7,3.4427520776479525
8,3.622780824700386
9,3.847511679869998
