split,score
0,3.1492473725807923
1,3.6952850058568045
2,2.686496679095478
3,2.652787231311747
4,3.03697852209575
5,2.642202037970064
6,2.660699771898946
7,2.750931462553925
8,2.4979017656582276
9,2.7368776528550463
