split,score
0,2.8926346927699287
1,3.5537624877402174
2,2.582370376776338
3,2.5340386671296
4,2.955844289653449
5,2.4400391557781744
6,2.494102041997311
7,2.60964626828286
8,2.3434479644210575
9,2.561565045864634
