split,score
0,3.2256178950990178
1,3.876697521920849
2,2.7554560239272425
3,2.6199597864934034
4,3.0040805638117463
5,2.579705255530396
6,2.5890979955652758
7,2.6634448876564827
8,2.424594051790766
9,2.6365373519810293
