split,score
0,2.9656271810437627
1,3.1102845458018122
2,2.584267114085266
3,2.3483636333699556
4,2.7371444551482202
5,2.534742961836169
6,2.3174218315120716
7,2.493945646152619
8,2.242764188108744
9,2.3886032025982322
