split,score
0,2.970910520841937
1,3.1275713346480103
2,2.6114854773179
3,2.4471839464779963
4,2.772769815014621
5,2.546311196223838
6,2.3446457302566897
7,2.5011286650381948
8,2.267764325951577
9,2.3969398598386373
