split,score
0,2.9432234656855845
1,3.1707606850930117
2,2.542777476982508
3,2.4213008243317073
4,2.7670586966729243
5,2.5258980447632484
6,2.3932655464633372
7,2.4682416496996136
8,2.274534601817475
9,2.4523856957527745
