split,score
0,2.9404496035193235
1,3.2400408225954673
2,2.5525920321979414
3,2.3994261719404655
4,2.7617974647121026
5,2.550484146204638
6,2.3298026426736183
7,2.512775770727226
8,2.2597171547354757
9,2.392698201085658
