model,score
full,2.836726136495691
full_temp,2.8538790242711167
short,2.831847520800711
short_full,2.837257468657103
short_full_temp,2.868142441336272
short_temp,2.8413969833241914
