split,score
0,3.303613550800798
1,3.934673202324636
2,2.6600706947648876
3,2.5015628400495347
4,2.9777570352814164
5,2.8474194309923444
6,2.4476336408332635
7,2.689401500264554
8,2.4061646632432896
9,2.592435648173354
