split,score
0,3.574561262303843
1,2.6678217554826724
2,2.741326195995879
3,2.568669907890536
4,2.484266565150631
