split,score
0,3.1812324344871366
1,3.9490557011273144
2,2.6035054833859124
3,2.5218728045064025
4,3.1475338113834224
5,2.5942992693056355
6,2.5663486507975137
7,2.6767814318921066
8,2.4046812003556344
9,2.563221731228834
