split,score
0,3.222175111258569
1,3.90151015426663
2,2.6212043026782648
3,2.489341569625577
4,3.0420515373259702
5,2.597965969522494
6,2.5378949834289606
7,2.604010183554717
8,2.4708479309650286
9,2.6024095742267894
