split,score
0,3.207272055461668
1,3.900669240694301
2,2.6463388890031703
3,2.4930853204051044
4,2.9672996265681766
5,2.7231993691252665
6,2.5236930520110543
7,2.634663411810348
8,2.41417513724462
9,2.713428356730044
