is_holiday,count,mean,lower,upper,minimum,maximum,median,first_quartile,third_quartile
False,252398,0.28458412522316123,-0.008517990397525987,0.5776862408438485,0.0,1.0,0.1863425925925926,0.043478260869565216,0.4666666666666667
True,10914,0.29474901546325166,0.009392632169560544,0.5801053987569428,0.0,1.0,0.2,0.05,0.4782608695652174
