counts,divisions
0.0024024024024024023,0.0
0.0011611611611611612,33.75
0.002802802802802803,67.5
0.00028028028028028026,101.25
0.007127127127127127,135.0
0.005485485485485485,168.75
0.005405405405405406,202.5
0.0006406406406406406,236.25
0.001121121121121121,270.0
0.0032032032032032033,303.75
