counts,divisions
7.250190166446243e-05,-39.0
0.00015104562846762998,-31.1
0.0007189771915059187,-23.2
0.005093258591928485,-15.299999999999997
0.06746301949878228,-7.399999999999999
0.04881492620816863,0.5
0.0034649867170474333,8.400000000000006
0.0005105342242205896,16.300000000000004
0.0001601083661756877,24.200000000000003
0.00013292015305151454,32.10000000000001
