counts,divisions
0.08398423589183543,0.0
0.06725861209372996,4.0
0.047054913226181716,8.0
0.027426936682414946,12.0
0.014238740770636974,16.0
0.006172692956007692,20.0
0.0024690771824030767,24.0
0.0006528809857315828,28.0
0.0002908288027349778,32.0
0.00045108140832363905,36.0
