counts,divisions
0.09151292532037118,0.0
0.055392915009574314,4.0
0.04183697893651495,8.0
0.03078969656797761,12.0
0.017017417881867728,16.0
0.008345301222565915,20.0
0.0029505449992635146,24.0
0.0012013919575784356,28.0
0.00031760936809544855,32.0
0.0006352187361908971,36.0
