nobs,minmax,mean,variance,skewness,kurtosis
54312,"(0.0, 1.0)",0.3844403275484974,0.09994488671416976,0.5012786427663682,-1.0189885054714376
