nobs,minmax,mean,variance,skewness,kurtosis
54020,"(0.0, 337.5)",170.2271621621621,7553.7977307051115,0.02644199704907502,-0.29104518554375636
