nobs,minmax,mean,variance,skewness,kurtosis
54312,"(811.9, 1084.9)",1002.257258064516,1808.2652843599076,-2.526069707993991,5.5457364414905435
