nobs,minmax,mean,variance,skewness,kurtosis
54312,"(0.0, 27.4)",4.694489247311828,21.00475153526395,1.2608638086773114,1.5874155413452646
