nobs,minmax,mean,variance,skewness,kurtosis
54312,"(0.0, 40.0)",7.348412873766387,43.149416935606396,1.1041281373021066,1.3046822013691424
