nobs,minmax,mean,variance,skewness,kurtosis
54312,"(13.9, 34.6)",21.70779569892473,10.70110399920965,0.7543419929112066,0.9682730841720888
