nobs,minmax,mean,variance,skewness,kurtosis
54312,"(0.0, 43.5)",11.406854838709679,75.07282719787057,1.0137058308348537,0.6793130482430736
