split,score
0,3.2341114294606665
1,3.428138419275932
2,2.6425383735650123
3,2.4539864564127365
4,2.775322277459065
5,2.68178387496437
6,2.341489169955634
7,2.521849945778171
8,2.316960654457512
9,2.4188246487432945
