split,score
0,3.086674121208788
1,3.792712445782858
2,2.6888484706041433
3,2.5997509725762464
4,2.823204597831594
5,2.6708991377064586
6,2.637376172588787
7,2.591073798256546
8,2.218014664591097
9,2.5283752019894954
